arm,size,seed,precision,conf,frozen,micro_f1,recall,count_mae_pct,net_bias_pct,provenance
base,320,0,fp32,0.05,0,0.0,0.0,2700.0,2700.0,nntool-sq8-ne16(unknown)
base,320,0,fp32,0.1,0,0.0,0.0,1500.0,1500.0,nntool-sq8-ne16(unknown)
base,320,0,fp32,0.15,0,0.0,0.0,1000.0,1000.0,nntool-sq8-ne16(unknown)
base,320,0,fp32,0.2,0,0.0,0.0,600.0,600.0,nntool-sq8-ne16(unknown)
base,320,0,fp32,0.25,0,0.0,0.0,500.0,500.0,nntool-sq8-ne16(unknown)
base,320,0,fp32,0.3,0,0.0,0.0,500.0,500.0,nntool-sq8-ne16(unknown)
base,320,0,fp32,0.35,0,0.0,0.0,500.0,500.0,nntool-sq8-ne16(unknown)
base,320,0,fp32,0.4,1,0.0,0.0,500.0,500.0,nntool-sq8-ne16(unknown)
base,320,0,fp32,0.45,0,0.0,0.0,400.0,400.0,nntool-sq8-ne16(unknown)
base,320,0,fp32,0.5,0,0.0,0.0,400.0,400.0,nntool-sq8-ne16(unknown)
base,320,0,fp32,0.55,0,0.0,0.0,100.0,100.0,nntool-sq8-ne16(unknown)
base,320,0,fp32,0.6,0,0.0,0.0,100.0,100.0,nntool-sq8-ne16(unknown)
base,320,0,fp32,0.65,0,0.0,0.0,100.0,100.0,nntool-sq8-ne16(unknown)
base,320,0,fp32,0.7,0,0.0,0.0,100.0,100.0,nntool-sq8-ne16(unknown)
base,320,0,fp32,0.75,0,0.0,0.0,100.0,100.0,nntool-sq8-ne16(unknown)
base,320,0,fp32,0.8,0,0.0,0.0,0.0,0.0,nntool-sq8-ne16(unknown)
base,320,0,fp32,0.85,0,0.0,0.0,0.0,0.0,nntool-sq8-ne16(unknown)
base,320,0,fp32,0.9,0,0.0,0.0,0.0,0.0,nntool-sq8-ne16(unknown)
base,320,0,int8,0.05,0,0.0,0.0,0.0,0.0,nntool-sq8-ne16(unknown)
base,320,0,int8,0.1,0,0.0,0.0,0.0,0.0,nntool-sq8-ne16(unknown)
base,320,0,int8,0.15,0,0.0,0.0,0.0,0.0,nntool-sq8-ne16(unknown)
base,320,0,int8,0.2,0,0.0,0.0,0.0,0.0,nntool-sq8-ne16(unknown)
base,320,0,int8,0.25,0,0.0,0.0,0.0,0.0,nntool-sq8-ne16(unknown)
base,320,0,int8,0.3,0,0.0,0.0,0.0,0.0,nntool-sq8-ne16(unknown)
base,320,0,int8,0.35,0,0.0,0.0,0.0,0.0,nntool-sq8-ne16(unknown)
base,320,0,int8,0.4,1,0.0,0.0,0.0,0.0,nntool-sq8-ne16(unknown)
base,320,0,int8,0.45,0,0.0,0.0,0.0,0.0,nntool-sq8-ne16(unknown)
base,320,0,int8,0.5,0,0.0,0.0,0.0,0.0,nntool-sq8-ne16(unknown)
base,320,0,int8,0.55,0,0.0,0.0,0.0,0.0,nntool-sq8-ne16(unknown)
base,320,0,int8,0.6,0,0.0,0.0,0.0,0.0,nntool-sq8-ne16(unknown)
base,320,0,int8,0.65,0,0.0,0.0,0.0,0.0,nntool-sq8-ne16(unknown)
base,320,0,int8,0.7,0,0.0,0.0,0.0,0.0,nntool-sq8-ne16(unknown)
base,320,0,int8,0.75,0,0.0,0.0,0.0,0.0,nntool-sq8-ne16(unknown)
base,320,0,int8,0.8,0,0.0,0.0,0.0,0.0,nntool-sq8-ne16(unknown)
base,320,0,int8,0.85,0,0.0,0.0,0.0,0.0,nntool-sq8-ne16(unknown)
base,320,0,int8,0.9,0,0.0,0.0,0.0,0.0,nntool-sq8-ne16(unknown)
base,320,0,fp32,0.05,0,0.0,0.0,800.0,800.0,nntool-sq8-ne16(unknown)
base,320,0,fp32,0.1,0,0.0,0.0,600.0,600.0,nntool-sq8-ne16(unknown)
base,320,0,fp32,0.15,0,0.0,0.0,600.0,600.0,nntool-sq8-ne16(unknown)
base,320,0,fp32,0.2,0,0.0,0.0,200.0,200.0,nntool-sq8-ne16(unknown)
base,320,0,fp32,0.25,0,0.0,0.0,100.0,100.0,nntool-sq8-ne16(unknown)
base,320,0,fp32,0.3,0,0.0,0.0,100.0,100.0,nntool-sq8-ne16(unknown)
base,320,0,fp32,0.35,0,0.0,0.0,100.0,100.0,nntool-sq8-ne16(unknown)
base,320,0,fp32,0.4,1,0.0,0.0,100.0,100.0,nntool-sq8-ne16(unknown)
base,320,0,fp32,0.45,0,0.0,0.0,100.0,100.0,nntool-sq8-ne16(unknown)
base,320,0,fp32,0.5,0,0.0,0.0,100.0,100.0,nntool-sq8-ne16(unknown)
base,320,0,fp32,0.55,0,0.0,0.0,0.0,0.0,nntool-sq8-ne16(unknown)
base,320,0,fp32,0.6,0,0.0,0.0,0.0,0.0,nntool-sq8-ne16(unknown)
base,320,0,fp32,0.65,0,0.0,0.0,0.0,0.0,nntool-sq8-ne16(unknown)
base,320,0,fp32,0.7,0,0.0,0.0,0.0,0.0,nntool-sq8-ne16(unknown)
base,320,0,fp32,0.75,0,0.0,0.0,0.0,0.0,nntool-sq8-ne16(unknown)
base,320,0,fp32,0.8,0,0.0,0.0,0.0,0.0,nntool-sq8-ne16(unknown)
base,320,0,fp32,0.85,0,0.0,0.0,0.0,0.0,nntool-sq8-ne16(unknown)
base,320,0,fp32,0.9,0,0.0,0.0,0.0,0.0,nntool-sq8-ne16(unknown)
base,320,0,int8,0.05,0,0.0,0.0,0.0,0.0,nntool-sq8-ne16(unknown)
base,320,0,int8,0.1,0,0.0,0.0,0.0,0.0,nntool-sq8-ne16(unknown)
base,320,0,int8,0.15,0,0.0,0.0,0.0,0.0,nntool-sq8-ne16(unknown)
base,320,0,int8,0.2,0,0.0,0.0,0.0,0.0,nntool-sq8-ne16(unknown)
base,320,0,int8,0.25,0,0.0,0.0,0.0,0.0,nntool-sq8-ne16(unknown)
base,320,0,int8,0.3,0,0.0,0.0,0.0,0.0,nntool-sq8-ne16(unknown)
base,320,0,int8,0.35,0,0.0,0.0,0.0,0.0,nntool-sq8-ne16(unknown)
base,320,0,int8,0.4,1,0.0,0.0,0.0,0.0,nntool-sq8-ne16(unknown)
base,320,0,int8,0.45,0,0.0,0.0,0.0,0.0,nntool-sq8-ne16(unknown)
base,320,0,int8,0.5,0,0.0,0.0,0.0,0.0,nntool-sq8-ne16(unknown)
base,320,0,int8,0.55,0,0.0,0.0,0.0,0.0,nntool-sq8-ne16(unknown)
base,320,0,int8,0.6,0,0.0,0.0,0.0,0.0,nntool-sq8-ne16(unknown)
base,320,0,int8,0.65,0,0.0,0.0,0.0,0.0,nntool-sq8-ne16(unknown)
base,320,0,int8,0.7,0,0.0,0.0,0.0,0.0,nntool-sq8-ne16(unknown)
base,320,0,int8,0.75,0,0.0,0.0,0.0,0.0,nntool-sq8-ne16(unknown)
base,320,0,int8,0.8,0,0.0,0.0,0.0,0.0,nntool-sq8-ne16(unknown)
base,320,0,int8,0.85,0,0.0,0.0,0.0,0.0,nntool-sq8-ne16(unknown)
base,320,0,int8,0.9,0,0.0,0.0,0.0,0.0,nntool-sq8-ne16(unknown)
base,320,0,fp32,0.05,0,0.3459,0.9168,330.17,330.17,nntool-sq8-ne16(unknown)
base,320,0,fp32,0.1,0,0.4802,0.905,176.93,176.93,nntool-sq8-ne16(unknown)
base,320,0,fp32,0.15,0,0.5619,0.8952,118.64,118.64,nntool-sq8-ne16(unknown)
base,320,0,fp32,0.2,0,0.6213,0.8856,85.06,85.06,nntool-sq8-ne16(unknown)
base,320,0,fp32,0.25,0,0.6692,0.8776,62.27,62.27,nntool-sq8-ne16(unknown)
base,320,0,fp32,0.3,0,0.7065,0.8661,45.28,45.17,nntool-sq8-ne16(unknown)
base,320,0,fp32,0.35,0,0.734,0.8539,32.86,32.65,nntool-sq8-ne16(unknown)
base,320,0,fp32,0.4,1,0.7546,0.8386,23.44,22.28,nntool-sq8-ne16(unknown)
base,320,0,fp32,0.45,0,0.7709,0.8213,18.37,13.09,nntool-sq8-ne16(unknown)
base,320,0,fp32,0.5,0,0.7817,0.8007,14.83,4.85,nntool-sq8-ne16(unknown)
base,320,0,fp32,0.55,0,0.783,0.7678,14.85,-3.88,nntool-sq8-ne16(unknown)
base,320,0,fp32,0.6,0,0.7822,0.7328,15.16,-12.62,nntool-sq8-ne16(unknown)
base,320,0,fp32,0.65,0,0.7603,0.6731,22.93,-22.93,nntool-sq8-ne16(unknown)
base,320,0,fp32,0.7,0,0.7048,0.5773,36.2,-36.2,nntool-sq8-ne16(unknown)
base,320,0,fp32,0.75,0,0.5771,0.4181,55.1,-55.1,nntool-sq8-ne16(unknown)
base,320,0,fp32,0.8,0,0.3049,0.1814,80.96,-80.96,nntool-sq8-ne16(unknown)
base,320,0,fp32,0.85,0,0.0377,0.0192,98.04,-98.04,nntool-sq8-ne16(unknown)
base,320,0,fp32,0.9,0,0.0017,0.0009,99.91,-99.91,nntool-sq8-ne16(unknown)
base,320,0,int8,0.05,0,0.0,0.0,100.0,-100.0,nntool-sq8-ne16(unknown)
base,320,0,int8,0.1,0,0.0,0.0,100.0,-100.0,nntool-sq8-ne16(unknown)
base,320,0,int8,0.15,0,0.0,0.0,100.0,-100.0,nntool-sq8-ne16(unknown)
base,320,0,int8,0.2,0,0.0,0.0,100.0,-100.0,nntool-sq8-ne16(unknown)
base,320,0,int8,0.25,0,0.0,0.0,100.0,-100.0,nntool-sq8-ne16(unknown)
base,320,0,int8,0.3,0,0.0,0.0,100.0,-100.0,nntool-sq8-ne16(unknown)
base,320,0,int8,0.35,0,0.0,0.0,100.0,-100.0,nntool-sq8-ne16(unknown)
base,320,0,int8,0.4,1,0.0,0.0,100.0,-100.0,nntool-sq8-ne16(unknown)
base,320,0,int8,0.45,0,0.0,0.0,100.0,-100.0,nntool-sq8-ne16(unknown)
base,320,0,int8,0.5,0,0.0,0.0,100.0,-100.0,nntool-sq8-ne16(unknown)
base,320,0,int8,0.55,0,0.0,0.0,100.0,-100.0,nntool-sq8-ne16(unknown)
base,320,0,int8,0.6,0,0.0,0.0,100.0,-100.0,nntool-sq8-ne16(unknown)
base,320,0,int8,0.65,0,0.0,0.0,100.0,-100.0,nntool-sq8-ne16(unknown)
base,320,0,int8,0.7,0,0.0,0.0,100.0,-100.0,nntool-sq8-ne16(unknown)
base,320,0,int8,0.75,0,0.0,0.0,100.0,-100.0,nntool-sq8-ne16(unknown)
base,320,0,int8,0.8,0,0.0,0.0,100.0,-100.0,nntool-sq8-ne16(unknown)
base,320,0,int8,0.85,0,0.0,0.0,100.0,-100.0,nntool-sq8-ne16(unknown)
base,320,0,int8,0.9,0,0.0,0.0,100.0,-100.0,nntool-sq8-ne16(unknown)
base,320,0,fp32,0.05,0,0.3459,0.9168,330.17,330.17,nntool-sq8-ne16(unknown)
base,320,0,fp32,0.1,0,0.4802,0.905,176.93,176.93,nntool-sq8-ne16(unknown)
base,320,0,fp32,0.15,0,0.5619,0.8952,118.64,118.64,nntool-sq8-ne16(unknown)
base,320,0,fp32,0.2,0,0.6213,0.8856,85.06,85.06,nntool-sq8-ne16(unknown)
base,320,0,fp32,0.25,0,0.6692,0.8776,62.27,62.27,nntool-sq8-ne16(unknown)
base,320,0,fp32,0.3,0,0.7065,0.8661,45.28,45.17,nntool-sq8-ne16(unknown)
base,320,0,fp32,0.35,0,0.734,0.8539,32.86,32.65,nntool-sq8-ne16(unknown)
base,320,0,fp32,0.4,1,0.7546,0.8386,23.44,22.28,nntool-sq8-ne16(unknown)
base,320,0,fp32,0.45,0,0.7709,0.8213,18.37,13.09,nntool-sq8-ne16(unknown)
base,320,0,fp32,0.5,0,0.7817,0.8007,14.83,4.85,nntool-sq8-ne16(unknown)
base,320,0,fp32,0.55,0,0.783,0.7678,14.85,-3.88,nntool-sq8-ne16(unknown)
base,320,0,fp32,0.6,0,0.7822,0.7328,15.16,-12.62,nntool-sq8-ne16(unknown)
base,320,0,fp32,0.65,0,0.7603,0.6731,22.93,-22.93,nntool-sq8-ne16(unknown)
base,320,0,fp32,0.7,0,0.7048,0.5773,36.2,-36.2,nntool-sq8-ne16(unknown)
base,320,0,fp32,0.75,0,0.5771,0.4181,55.1,-55.1,nntool-sq8-ne16(unknown)
base,320,0,fp32,0.8,0,0.3049,0.1814,80.96,-80.96,nntool-sq8-ne16(unknown)
base,320,0,fp32,0.85,0,0.0377,0.0192,98.04,-98.04,nntool-sq8-ne16(unknown)
base,320,0,fp32,0.9,0,0.0017,0.0009,99.91,-99.91,nntool-sq8-ne16(unknown)
base,320,0,int8,0.05,0,0.0,0.0,100.0,-100.0,nntool-sq8-ne16(unknown)
base,320,0,int8,0.1,0,0.0,0.0,100.0,-100.0,nntool-sq8-ne16(unknown)
base,320,0,int8,0.15,0,0.0,0.0,100.0,-100.0,nntool-sq8-ne16(unknown)
base,320,0,int8,0.2,0,0.0,0.0,100.0,-100.0,nntool-sq8-ne16(unknown)
base,320,0,int8,0.25,0,0.0,0.0,100.0,-100.0,nntool-sq8-ne16(unknown)
base,320,0,int8,0.3,0,0.0,0.0,100.0,-100.0,nntool-sq8-ne16(unknown)
base,320,0,int8,0.35,0,0.0,0.0,100.0,-100.0,nntool-sq8-ne16(unknown)
base,320,0,int8,0.4,1,0.0,0.0,100.0,-100.0,nntool-sq8-ne16(unknown)
base,320,0,int8,0.45,0,0.0,0.0,100.0,-100.0,nntool-sq8-ne16(unknown)
base,320,0,int8,0.5,0,0.0,0.0,100.0,-100.0,nntool-sq8-ne16(unknown)
base,320,0,int8,0.55,0,0.0,0.0,100.0,-100.0,nntool-sq8-ne16(unknown)
base,320,0,int8,0.6,0,0.0,0.0,100.0,-100.0,nntool-sq8-ne16(unknown)
base,320,0,int8,0.65,0,0.0,0.0,100.0,-100.0,nntool-sq8-ne16(unknown)
base,320,0,int8,0.7,0,0.0,0.0,100.0,-100.0,nntool-sq8-ne16(unknown)
base,320,0,int8,0.75,0,0.0,0.0,100.0,-100.0,nntool-sq8-ne16(unknown)
base,320,0,int8,0.8,0,0.0,0.0,100.0,-100.0,nntool-sq8-ne16(unknown)
base,320,0,int8,0.85,0,0.0,0.0,100.0,-100.0,nntool-sq8-ne16(unknown)
base,320,0,int8,0.9,0,0.0,0.0,100.0,-100.0,nntool-sq8-ne16(unknown)
base,320,0,fp32,0.05,0,0.3459,0.917,330.22,330.22,nntool-sq8-ne16(unknown)
base,320,0,fp32,0.1,0,0.4801,0.9052,177.05,177.05,nntool-sq8-ne16(unknown)
base,320,0,fp32,0.15,0,0.5618,0.8956,118.81,118.81,nntool-sq8-ne16(unknown)
base,320,0,fp32,0.2,0,0.6214,0.886,85.17,85.17,nntool-sq8-ne16(unknown)
base,320,0,fp32,0.25,0,0.6692,0.8777,62.32,62.32,nntool-sq8-ne16(unknown)
base,320,0,fp32,0.3,0,0.7065,0.8662,45.31,45.21,nntool-sq8-ne16(unknown)
base,320,0,fp32,0.35,0,0.7341,0.8541,32.88,32.67,nntool-sq8-ne16(unknown)
base,320,0,fp32,0.4,1,0.7544,0.8386,23.46,22.33,nntool-sq8-ne16(unknown)
base,320,0,fp32,0.45,0,0.7709,0.8215,18.4,13.12,nntool-sq8-ne16(unknown)
base,320,0,fp32,0.5,0,0.7817,0.8005,14.83,4.82,nntool-sq8-ne16(unknown)
base,320,0,fp32,0.55,0,0.783,0.7678,14.85,-3.88,nntool-sq8-ne16(unknown)
base,320,0,fp32,0.6,0,0.7821,0.7326,15.18,-12.64,nntool-sq8-ne16(unknown)
base,320,0,fp32,0.65,0,0.7604,0.6733,22.91,-22.91,nntool-sq8-ne16(unknown)
base,320,0,fp32,0.7,0,0.7048,0.5773,36.2,-36.2,nntool-sq8-ne16(unknown)
base,320,0,fp32,0.75,0,0.5768,0.4178,55.14,-55.14,nntool-sq8-ne16(unknown)
base,320,0,fp32,0.8,0,0.3051,0.1816,80.95,-80.95,nntool-sq8-ne16(unknown)
base,320,0,fp32,0.85,0,0.038,0.0194,98.03,-98.03,nntool-sq8-ne16(unknown)
base,320,0,fp32,0.9,0,0.0017,0.0009,99.91,-99.91,nntool-sq8-ne16(unknown)
base,320,0,int8,0.05,0,0.0,0.0017,7887.17,7887.17,nntool-sq8-ne16(unknown)
base,320,0,int8,0.1,0,0.0,0.0009,4832.31,4832.31,nntool-sq8-ne16(unknown)
base,320,0,int8,0.15,0,0.0,0.0005,3536.61,3536.61,nntool-sq8-ne16(unknown)
base,320,0,int8,0.2,0,0.0,0.0003,2807.6,2807.6,nntool-sq8-ne16(unknown)
base,320,0,int8,0.25,0,0.0,0.0002,2291.58,2291.58,nntool-sq8-ne16(unknown)
base,320,0,int8,0.3,0,0.0,0.0,1921.57,1921.57,nntool-sq8-ne16(unknown)
base,320,0,int8,0.35,0,0.0,0.0,1595.51,1595.51,nntool-sq8-ne16(unknown)
base,320,0,int8,0.4,1,0.0,0.0,1348.67,1348.67,nntool-sq8-ne16(unknown)
base,320,0,int8,0.45,0,0.0,0.0,1128.4,1128.4,nntool-sq8-ne16(unknown)
base,320,0,int8,0.5,0,0.0,0.0,912.35,912.35,nntool-sq8-ne16(unknown)
base,320,0,int8,0.55,0,0.0,0.0,738.9,738.62,nntool-sq8-ne16(unknown)
base,320,0,int8,0.6,0,0.0,0.0,566.56,565.67,nntool-sq8-ne16(unknown)
base,320,0,int8,0.65,0,0.0,0.0,398.41,397.07,nntool-sq8-ne16(unknown)
base,320,0,int8,0.7,0,0.0,0.0,245.52,235.4,nntool-sq8-ne16(unknown)
base,320,0,int8,0.75,0,0.0,0.0,117.7,77.4,nntool-sq8-ne16(unknown)
base,320,0,int8,0.8,0,0.0,0.0,63.73,-52.99,nntool-sq8-ne16(unknown)
base,320,0,int8,0.85,0,0.0,0.0,94.37,-94.37,nntool-sq8-ne16(unknown)
base,320,0,int8,0.9,0,0.0,0.0,99.66,-99.66,nntool-sq8-ne16(unknown)
base,320,0,fp32,0.05,0,0.3459,0.9168,330.17,330.17,nntool-sq8-ne16(unknown)
base,320,0,fp32,0.1,0,0.4802,0.905,176.93,176.93,nntool-sq8-ne16(unknown)
base,320,0,fp32,0.15,0,0.5619,0.8952,118.64,118.64,nntool-sq8-ne16(unknown)
base,320,0,fp32,0.2,0,0.6213,0.8856,85.06,85.06,nntool-sq8-ne16(unknown)
base,320,0,fp32,0.25,0,0.6692,0.8776,62.27,62.27,nntool-sq8-ne16(unknown)
base,320,0,fp32,0.3,0,0.7065,0.8661,45.28,45.17,nntool-sq8-ne16(unknown)
base,320,0,fp32,0.35,0,0.734,0.8539,32.86,32.65,nntool-sq8-ne16(unknown)
base,320,0,fp32,0.4,1,0.7546,0.8386,23.44,22.28,nntool-sq8-ne16(unknown)
base,320,0,fp32,0.45,0,0.7709,0.8213,18.37,13.09,nntool-sq8-ne16(unknown)
base,320,0,fp32,0.5,0,0.7817,0.8007,14.83,4.85,nntool-sq8-ne16(unknown)
base,320,0,fp32,0.55,0,0.783,0.7678,14.85,-3.88,nntool-sq8-ne16(unknown)
base,320,0,fp32,0.6,0,0.7822,0.7328,15.16,-12.62,nntool-sq8-ne16(unknown)
base,320,0,fp32,0.65,0,0.7603,0.6731,22.93,-22.93,nntool-sq8-ne16(unknown)
base,320,0,fp32,0.7,0,0.7048,0.5773,36.2,-36.2,nntool-sq8-ne16(unknown)
base,320,0,fp32,0.75,0,0.5771,0.4181,55.1,-55.1,nntool-sq8-ne16(unknown)
base,320,0,fp32,0.8,0,0.3049,0.1814,80.96,-80.96,nntool-sq8-ne16(unknown)
base,320,0,fp32,0.85,0,0.0377,0.0192,98.04,-98.04,nntool-sq8-ne16(unknown)
base,320,0,fp32,0.9,0,0.0017,0.0009,99.91,-99.91,nntool-sq8-ne16(unknown)
base,320,0,int8,0.05,0,0.3061,0.9098,394.44,394.44,nntool-sq8-ne16(unknown)
base,320,0,int8,0.1,0,0.4433,0.8981,205.18,205.18,nntool-sq8-ne16(unknown)
base,320,0,int8,0.15,0,0.5271,0.8875,136.77,136.77,nntool-sq8-ne16(unknown)
base,320,0,int8,0.2,0,0.5943,0.8784,95.68,95.61,nntool-sq8-ne16(unknown)
base,320,0,int8,0.25,0,0.6445,0.8676,69.42,69.25,nntool-sq8-ne16(unknown)
base,320,0,int8,0.3,0,0.6831,0.8573,51.31,51.0,nntool-sq8-ne16(unknown)
base,320,0,int8,0.35,0,0.7142,0.8443,36.84,36.43,nntool-sq8-ne16(unknown)
base,320,0,int8,0.4,1,0.7373,0.8302,29.02,25.21,nntool-sq8-ne16(unknown)
base,320,0,int8,0.45,0,0.7554,0.811,22.86,14.73,nntool-sq8-ne16(unknown)
base,320,0,int8,0.5,0,0.7694,0.7894,17.99,5.2,nntool-sq8-ne16(unknown)
base,320,0,int8,0.55,0,0.7707,0.7563,17.6,-3.74,nntool-sq8-ne16(unknown)
base,320,0,int8,0.6,0,0.7695,0.722,18.18,-12.35,nntool-sq8-ne16(unknown)
base,320,0,int8,0.65,0,0.7539,0.6671,24.59,-23.01,nntool-sq8-ne16(unknown)
base,320,0,int8,0.7,0,0.6937,0.5663,36.73,-36.73,nntool-sq8-ne16(unknown)
base,320,0,int8,0.75,0,0.5819,0.4251,53.87,-53.87,nntool-sq8-ne16(unknown)
base,320,0,int8,0.8,0,0.3381,0.2053,78.56,-78.56,nntool-sq8-ne16(unknown)
base,320,0,int8,0.85,0,0.0553,0.0285,97.12,-97.12,nntool-sq8-ne16(unknown)
base,320,0,int8,0.9,0,0.0051,0.0026,99.73,-99.73,nntool-sq8-ne16(unknown)
base,320,0,fp32,0.05,0,0.3459,0.9168,330.17,330.17,nntool-sq8-ne16(unknown)
base,320,0,fp32,0.1,0,0.4802,0.905,176.93,176.93,nntool-sq8-ne16(unknown)
base,320,0,fp32,0.15,0,0.5619,0.8952,118.64,118.64,nntool-sq8-ne16(unknown)
base,320,0,fp32,0.2,0,0.6213,0.8856,85.06,85.06,nntool-sq8-ne16(unknown)
base,320,0,fp32,0.25,0,0.6692,0.8776,62.27,62.27,nntool-sq8-ne16(unknown)
base,320,0,fp32,0.3,0,0.7065,0.8661,45.28,45.17,nntool-sq8-ne16(unknown)
base,320,0,fp32,0.35,0,0.734,0.8539,32.86,32.65,nntool-sq8-ne16(unknown)
base,320,0,fp32,0.4,1,0.7546,0.8386,23.44,22.28,nntool-sq8-ne16(unknown)
base,320,0,fp32,0.45,0,0.7709,0.8213,18.37,13.09,nntool-sq8-ne16(unknown)
base,320,0,fp32,0.5,0,0.7817,0.8007,14.83,4.85,nntool-sq8-ne16(unknown)
base,320,0,fp32,0.55,0,0.783,0.7678,14.85,-3.88,nntool-sq8-ne16(unknown)
base,320,0,fp32,0.6,0,0.7822,0.7328,15.16,-12.62,nntool-sq8-ne16(unknown)
base,320,0,fp32,0.65,0,0.7603,0.6731,22.93,-22.93,nntool-sq8-ne16(unknown)
base,320,0,fp32,0.7,0,0.7048,0.5773,36.2,-36.2,nntool-sq8-ne16(unknown)
base,320,0,fp32,0.75,0,0.5771,0.4181,55.1,-55.1,nntool-sq8-ne16(unknown)
base,320,0,fp32,0.8,0,0.3049,0.1814,80.96,-80.96,nntool-sq8-ne16(unknown)
base,320,0,fp32,0.85,0,0.0377,0.0192,98.04,-98.04,nntool-sq8-ne16(unknown)
base,320,0,fp32,0.9,0,0.0017,0.0009,99.91,-99.91,nntool-sq8-ne16(unknown)
base,320,0,int8,0.05,0,0.2746,0.9155,466.64,466.64,nntool-sq8-ne16(unknown)
base,320,0,int8,0.1,0,0.3974,0.9043,255.1,255.1,nntool-sq8-ne16(unknown)
base,320,0,int8,0.15,0,0.4863,0.8944,167.88,167.81,nntool-sq8-ne16(unknown)
base,320,0,int8,0.2,0,0.5497,0.8868,122.76,122.65,nntool-sq8-ne16(unknown)
base,320,0,int8,0.25,0,0.6037,0.8758,90.31,90.14,nntool-sq8-ne16(unknown)
base,320,0,int8,0.3,0,0.6479,0.8678,68.48,67.86,nntool-sq8-ne16(unknown)
base,320,0,int8,0.35,0,0.6845,0.858,51.72,50.69,nntool-sq8-ne16(unknown)
base,320,0,int8,0.4,1,0.7169,0.8438,37.59,35.4,nntool-sq8-ne16(unknown)
base,320,0,int8,0.45,0,0.739,0.8282,30.78,24.13,nntool-sq8-ne16(unknown)
base,320,0,int8,0.5,0,0.7604,0.8066,22.4,12.14,nntool-sq8-ne16(unknown)
base,320,0,int8,0.55,0,0.7682,0.7781,19.1,2.57,nntool-sq8-ne16(unknown)
base,320,0,int8,0.6,0,0.7713,0.7452,18.49,-6.79,nntool-sq8-ne16(unknown)
base,320,0,int8,0.65,0,0.7618,0.6971,18.9,-16.98,nntool-sq8-ne16(unknown)
base,320,0,int8,0.7,0,0.7251,0.6162,30.03,-30.03,nntool-sq8-ne16(unknown)
base,320,0,int8,0.75,0,0.6343,0.4855,46.92,-46.92,nntool-sq8-ne16(unknown)
base,320,0,int8,0.8,0,0.4136,0.2644,72.13,-72.13,nntool-sq8-ne16(unknown)
base,320,0,int8,0.85,0,0.1024,0.054,94.44,-94.44,nntool-sq8-ne16(unknown)
base,320,0,int8,0.9,0,0.0068,0.0034,99.64,-99.64,nntool-sq8-ne16(unknown)
base,320,0,fp32,0.05,0,0.38,0.9108,279.32,279.32,nntool-sq8-ne16(unknown)
base,320,0,fp32,0.1,0,0.5196,0.8986,145.91,145.91,nntool-sq8-ne16(unknown)
base,320,0,fp32,0.15,0,0.6024,0.8851,93.88,93.88,nntool-sq8-ne16(unknown)
base,320,0,fp32,0.2,0,0.6619,0.8736,64.14,63.97,nntool-sq8-ne16(unknown)
base,320,0,fp32,0.25,0,0.7037,0.865,46.08,45.84,nntool-sq8-ne16(unknown)
base,320,0,fp32,0.3,0,0.7377,0.8544,31.9,31.62,nntool-sq8-ne16(unknown)
base,320,0,fp32,0.35,0,0.7622,0.8424,22.14,21.04,nntool-sq8-ne16(unknown)
base,320,0,fp32,0.4,1,0.7778,0.8213,14.92,11.18,nntool-sq8-ne16(unknown)
base,320,0,fp32,0.45,0,0.7868,0.7976,10.36,2.74,nntool-sq8-ne16(unknown)
base,320,0,fp32,0.5,0,0.7953,0.7724,10.79,-5.75,nntool-sq8-ne16(unknown)
base,320,0,fp32,0.55,0,0.7893,0.7354,15.61,-13.65,nntool-sq8-ne16(unknown)
base,320,0,fp32,0.6,0,0.775,0.6906,22.05,-21.78,nntool-sq8-ne16(unknown)
base,320,0,fp32,0.65,0,0.7325,0.6141,32.31,-32.31,nntool-sq8-ne16(unknown)
base,320,0,fp32,0.7,0,0.6454,0.4944,46.78,-46.78,nntool-sq8-ne16(unknown)
base,320,0,fp32,0.75,0,0.4797,0.3207,66.3,-66.3,nntool-sq8-ne16(unknown)
base,320,0,fp32,0.8,0,0.2208,0.1245,87.24,-87.24,nntool-sq8-ne16(unknown)
base,320,0,fp32,0.85,0,0.0317,0.0161,98.39,-98.39,nntool-sq8-ne16(unknown)
base,320,0,fp32,0.9,0,0.0017,0.0009,99.91,-99.91,nntool-sq8-ne16(unknown)
base,320,0,int8,0.05,0,0.376,0.9103,284.19,284.19,nntool-sq8-ne16(unknown)
base,320,0,int8,0.1,0,0.5165,0.8957,146.89,146.82,nntool-sq8-ne16(unknown)
base,320,0,int8,0.15,0,0.6008,0.8841,94.44,94.31,nntool-sq8-ne16(unknown)
base,320,0,int8,0.2,0,0.661,0.8721,64.11,63.87,nntool-sq8-ne16(unknown)
base,320,0,int8,0.25,0,0.7059,0.8635,44.92,44.64,nntool-sq8-ne16(unknown)
base,320,0,int8,0.3,0,0.7382,0.8511,30.96,30.61,nntool-sq8-ne16(unknown)
base,320,0,int8,0.35,0,0.7631,0.8352,20.67,18.88,nntool-sq8-ne16(unknown)
base,320,0,int8,0.4,1,0.7807,0.817,13.33,9.31,nntool-sq8-ne16(unknown)
base,320,0,int8,0.45,0,0.7916,0.7952,9.0,0.91,nntool-sq8-ne16(unknown)
base,320,0,int8,0.5,0,0.7956,0.7674,10.0,-7.08,nntool-sq8-ne16(unknown)
base,320,0,int8,0.55,0,0.7907,0.7319,15.97,-14.87,nntool-sq8-ne16(unknown)
base,320,0,int8,0.6,0,0.7691,0.6802,23.13,-23.13,nntool-sq8-ne16(unknown)
base,320,0,int8,0.65,0,0.7255,0.6023,33.97,-33.97,nntool-sq8-ne16(unknown)
base,320,0,int8,0.7,0,0.6342,0.4807,48.41,-48.41,nntool-sq8-ne16(unknown)
base,320,0,int8,0.75,0,0.4575,0.3005,68.65,-68.65,nntool-sq8-ne16(unknown)
base,320,0,int8,0.8,0,0.205,0.1146,88.22,-88.22,nntool-sq8-ne16(unknown)
base,320,0,int8,0.85,0,0.0241,0.0122,98.78,-98.78,nntool-sq8-ne16(unknown)
base,320,0,int8,0.9,0,0.0014,0.0007,99.93,-99.93,nntool-sq8-ne16(unknown)
base,320,1,fp32,0.05,0,0.3891,0.9312,278.6,278.6,nntool-sq8-ne16(unknown)
base,320,1,fp32,0.1,0,0.5209,0.9215,153.8,153.8,nntool-sq8-ne16(unknown)
base,320,1,fp32,0.15,0,0.6017,0.9122,103.19,103.19,nntool-sq8-ne16(unknown)
base,320,1,fp32,0.2,0,0.6599,0.9052,74.34,74.34,nntool-sq8-ne16(unknown)
base,320,1,fp32,0.25,0,0.7065,0.8976,54.11,54.11,nntool-sq8-ne16(unknown)
base,320,1,fp32,0.3,0,0.7406,0.889,40.1,40.1,nntool-sq8-ne16(unknown)
base,320,1,fp32,0.35,0,0.7698,0.88,28.74,28.61,nntool-sq8-ne16(unknown)
base,320,1,fp32,0.4,1,0.7923,0.8693,21.18,19.43,nntool-sq8-ne16(unknown)
base,320,1,fp32,0.45,0,0.8089,0.8553,14.46,11.47,nntool-sq8-ne16(unknown)
base,320,1,fp32,0.5,0,0.8202,0.8379,9.74,4.32,nntool-sq8-ne16(unknown)
base,320,1,fp32,0.55,0,0.8251,0.8156,9.02,-2.3,nntool-sq8-ne16(unknown)
base,320,1,fp32,0.6,0,0.8231,0.7834,11.25,-9.64,nntool-sq8-ne16(unknown)
base,320,1,fp32,0.65,0,0.8063,0.7344,17.84,-17.84,nntool-sq8-ne16(unknown)
base,320,1,fp32,0.7,0,0.7649,0.6558,28.52,-28.52,nntool-sq8-ne16(unknown)
base,320,1,fp32,0.75,0,0.6539,0.5016,46.56,-46.56,nntool-sq8-ne16(unknown)
base,320,1,fp32,0.8,0,0.3578,0.2197,77.19,-77.19,nntool-sq8-ne16(unknown)
base,320,1,fp32,0.85,0,0.0357,0.0182,98.16,-98.16,nntool-sq8-ne16(unknown)
base,320,1,fp32,0.9,0,0.0003,0.0002,99.98,-99.98,nntool-sq8-ne16(unknown)
base,320,1,int8,0.05,0,0.3478,0.9225,330.53,330.53,nntool-sq8-ne16(unknown)
base,320,1,int8,0.1,0,0.4732,0.9077,183.67,183.67,nntool-sq8-ne16(unknown)
base,320,1,int8,0.15,0,0.5506,0.8995,126.74,126.74,nntool-sq8-ne16(unknown)
base,320,1,int8,0.2,0,0.6124,0.8899,90.64,90.64,nntool-sq8-ne16(unknown)
base,320,1,int8,0.25,0,0.6594,0.881,67.19,67.19,nntool-sq8-ne16(unknown)
base,320,1,int8,0.3,0,0.6975,0.8733,50.39,50.39,nntool-sq8-ne16(unknown)
base,320,1,int8,0.35,0,0.7321,0.8611,35.67,35.23,nntool-sq8-ne16(unknown)
base,320,1,int8,0.4,1,0.7577,0.8489,26.77,24.06,nntool-sq8-ne16(unknown)
base,320,1,int8,0.45,0,0.775,0.8326,19.05,14.87,nntool-sq8-ne16(unknown)
base,320,1,int8,0.5,0,0.7897,0.8122,11.85,5.71,nntool-sq8-ne16(unknown)
base,320,1,int8,0.55,0,0.7972,0.7887,11.35,-2.13,nntool-sq8-ne16(unknown)
base,320,1,int8,0.6,0,0.7945,0.752,16.07,-10.68,nntool-sq8-ne16(unknown)
base,320,1,int8,0.65,0,0.7854,0.7109,21.08,-18.98,nntool-sq8-ne16(unknown)
base,320,1,int8,0.7,0,0.7522,0.6423,29.24,-29.24,nntool-sq8-ne16(unknown)
base,320,1,int8,0.75,0,0.662,0.5145,44.55,-44.55,nntool-sq8-ne16(unknown)
base,320,1,int8,0.8,0,0.4453,0.2909,69.35,-69.35,nntool-sq8-ne16(unknown)
base,320,1,int8,0.85,0,0.0761,0.0396,95.92,-95.92,nntool-sq8-ne16(unknown)
base,320,1,int8,0.9,0,0.0017,0.0009,99.91,-99.91,nntool-sq8-ne16(unknown)
base,320,0,fp32,0.05,0,0.3891,0.9312,278.6,278.6,nntool-sq8-ne16(unknown)
base,320,0,fp32,0.1,0,0.5209,0.9215,153.8,153.8,nntool-sq8-ne16(unknown)
base,320,0,fp32,0.15,0,0.6017,0.9122,103.19,103.19,nntool-sq8-ne16(unknown)
base,320,0,fp32,0.2,0,0.6599,0.9052,74.34,74.34,nntool-sq8-ne16(unknown)
base,320,0,fp32,0.25,0,0.7065,0.8976,54.11,54.11,nntool-sq8-ne16(unknown)
base,320,0,fp32,0.3,0,0.7406,0.889,40.1,40.1,nntool-sq8-ne16(unknown)
base,320,0,fp32,0.35,0,0.7698,0.88,28.74,28.61,nntool-sq8-ne16(unknown)
base,320,0,fp32,0.4,1,0.7923,0.8693,21.18,19.43,nntool-sq8-ne16(unknown)
base,320,0,fp32,0.45,0,0.8089,0.8553,14.46,11.47,nntool-sq8-ne16(unknown)
base,320,0,fp32,0.5,0,0.8202,0.8379,9.74,4.32,nntool-sq8-ne16(unknown)
base,320,0,fp32,0.55,0,0.8251,0.8156,9.02,-2.3,nntool-sq8-ne16(unknown)
base,320,0,fp32,0.6,0,0.8231,0.7834,11.25,-9.64,nntool-sq8-ne16(unknown)
base,320,0,fp32,0.65,0,0.8063,0.7344,17.84,-17.84,nntool-sq8-ne16(unknown)
base,320,0,fp32,0.7,0,0.7649,0.6558,28.52,-28.52,nntool-sq8-ne16(unknown)
base,320,0,fp32,0.75,0,0.6539,0.5016,46.56,-46.56,nntool-sq8-ne16(unknown)
base,320,0,fp32,0.8,0,0.3578,0.2197,77.19,-77.19,nntool-sq8-ne16(unknown)
base,320,0,fp32,0.85,0,0.0357,0.0182,98.16,-98.16,nntool-sq8-ne16(unknown)
base,320,0,fp32,0.9,0,0.0003,0.0002,99.98,-99.98,nntool-sq8-ne16(unknown)
base,320,0,int8,0.05,0,0.3478,0.9225,330.53,330.53,nntool-sq8-ne16(unknown)
base,320,0,int8,0.1,0,0.4732,0.9077,183.67,183.67,nntool-sq8-ne16(unknown)
base,320,0,int8,0.15,0,0.5506,0.8995,126.74,126.74,nntool-sq8-ne16(unknown)
base,320,0,int8,0.2,0,0.6124,0.8899,90.64,90.64,nntool-sq8-ne16(unknown)
base,320,0,int8,0.25,0,0.6594,0.881,67.19,67.19,nntool-sq8-ne16(unknown)
base,320,0,int8,0.3,0,0.6975,0.8733,50.39,50.39,nntool-sq8-ne16(unknown)
base,320,0,int8,0.35,0,0.7321,0.8611,35.67,35.23,nntool-sq8-ne16(unknown)
base,320,0,int8,0.4,1,0.7577,0.8489,26.77,24.06,nntool-sq8-ne16(unknown)
base,320,0,int8,0.45,0,0.775,0.8326,19.05,14.87,nntool-sq8-ne16(unknown)
base,320,0,int8,0.5,0,0.7897,0.8122,11.85,5.71,nntool-sq8-ne16(unknown)
base,320,0,int8,0.55,0,0.7972,0.7887,11.35,-2.13,nntool-sq8-ne16(unknown)
base,320,0,int8,0.6,0,0.7945,0.752,16.07,-10.68,nntool-sq8-ne16(unknown)
base,320,0,int8,0.65,0,0.7854,0.7109,21.08,-18.98,nntool-sq8-ne16(unknown)
base,320,0,int8,0.7,0,0.7522,0.6423,29.24,-29.24,nntool-sq8-ne16(unknown)
base,320,0,int8,0.75,0,0.662,0.5145,44.55,-44.55,nntool-sq8-ne16(unknown)
base,320,0,int8,0.8,0,0.4453,0.2909,69.35,-69.35,nntool-sq8-ne16(unknown)
base,320,0,int8,0.85,0,0.0761,0.0396,95.92,-95.92,nntool-sq8-ne16(unknown)
base,320,0,int8,0.9,0,0.0017,0.0009,99.91,-99.91,nntool-sq8-ne16(unknown)
